The Hunger Games	https://images.gr-assets.com/books/1447303603l/2767052.jpg
Pride and Prejudice	https://images.gr-assets.com/books/1320399351l/1885.jpg
Twilight	https://images.gr-assets.com/books/1361039443l/41865.jpg
The Book Thief	https://images.gr-assets.com/books/1522157426l/19063.jpg
Animal Farm	https://images.gr-assets.com/books/1424037542l/7613.jpg
Gone with the Wind	https://images.gr-assets.com/books/1328025229l/18405.jpg
The Giving Tree	https://images.gr-assets.com/books/1174210942l/370493.jpg
Wuthering Heights	https://images.gr-assets.com/books/1388212715l/6185.jpg
The Da Vinci Code	https://images.gr-assets.com/books/1303252999l/968.jpg
Memoirs of a Geisha	https://images.gr-assets.com/books/1388367666l/930.jpg
Les Misérables	https://images.gr-assets.com/books/1525303092l/24280.jpg
Divergent	https://images.gr-assets.com/books/1328559506l/13335037.jpg
Jane Eyre	https://images.gr-assets.com/books/1327867269l/10210.jpg
Romeo and Juliet	https://images.gr-assets.com/books/1327872146l/18135.jpg
Lord of the Flies	https://images.gr-assets.com/books/1327869409l/7624.jpg
The Alchemist	https://images.gr-assets.com/books/1483412266l/865.jpg
Crime and Punishment	https://images.gr-assets.com/books/1382846449l/7144.jpg
Ender's Game	https://images.gr-assets.com/books/1408303130l/375802.jpg
City of Bones	https://images.gr-assets.com/books/1432730315l/256683.jpg
The Help	https://images.gr-assets.com/books/1346100365l/4667024.jpg
The Great Gatsby	https://images.gr-assets.com/books/1490528560l/4671.jpg
Charlotte's Web	https://images.gr-assets.com/books/1439632243l/24178.jpg
Anne of Green Gables	https://images.gr-assets.com/books/1390789015l/8127.jpg
Of Mice and Men	https://images.gr-assets.com/books/1511302904l/890.jpg
Dracula	https://images.gr-assets.com/books/1387151694l/17245.jpg
Brave New World	https://images.gr-assets.com/books/1523061131l/5129.jpg
The Little Prince	https://images.gr-assets.com/books/1367545443l/157993.jpg
The Princess Bride	https://images.gr-assets.com/books/1327903636l/21787.jpg
The Secret Garden	https://images.gr-assets.com/books/1327873635l/2998.jpg
A Wrinkle in Time	https://images.gr-assets.com/books/1329061522l/18131.jpg
Fahrenheit 451	https://images.gr-assets.com/books/1351643740l/4381.jpg
A Game of Thrones	https://images.gr-assets.com/books/1436732693l/13496.jpg
The Lightning Thief	https://images.gr-assets.com/books/1400602609l/28187.jpg
The Lovely Bones	https://images.gr-assets.com/books/1457810586l/12232938.jpg
Green Eggs and Ham	https://images.gr-assets.com/books/1468680100l/23772.jpg
Life of Pi	https://images.gr-assets.com/books/1320562005l/4214.jpg
The Outsiders	https://images.gr-assets.com/books/1442129426l/231804.jpg
Water for Elephants	https://images.gr-assets.com/books/1494428973l/43641.jpg
The Odyssey	https://images.gr-assets.com/books/1390173285l/1381.jpg
Lolita	https://images.gr-assets.com/books/1377756377l/7604.jpg
Slaughterhouse-Five	https://images.gr-assets.com/books/1440319389l/4981.jpg
Catch-22	https://images.gr-assets.com/books/1463157317l/168668.jpg
Frankenstein	https://images.gr-assets.com/books/1381512375l/18490.jpg
The Kite Runner	https://images.gr-assets.com/books/1484565687l/77203.jpg
The Stand	https://images.gr-assets.com/books/1213131305l/149267.jpg
The Giver	https://images.gr-assets.com/books/1342493368l/3636.jpg
Watership Down	https://images.gr-assets.com/books/1405136931l/76620.jpg
The Handmaid's Tale	https://images.gr-assets.com/books/1498057733l/38447.jpg
My Sister's Keeper	https://images.gr-assets.com/books/1369504683l/10917.jpg
The Bell Jar	https://images.gr-assets.com/books/1473890514l/6514.jpg
Outlander	https://images.gr-assets.com/books/1529065012l/10964.jpg
Rebecca	https://images.gr-assets.com/books/1386605169l/17899948.jpg
Matilda	https://images.gr-assets.com/books/1388793265l/39988.jpg
The Color Purple	https://images.gr-assets.com/books/1386925078l/11486.jpg
Little Women	https://images.gr-assets.com/books/1388269517l/1934.jpg
The Road	https://images.gr-assets.com/books/1439197219l/6288.jpg
Angela's Ashes	https://images.gr-assets.com/books/1348317139l/252577.jpg
A Clockwork Orange	https://images.gr-assets.com/books/1348339306l/227463.jpg
Dune	https://images.gr-assets.com/books/1434908555l/234225.jpg
Vampire Academy	https://images.gr-assets.com/books/1381459853l/18660669.jpg
The Poisonwood Bible	https://images.gr-assets.com/books/1412242487l/7244.jpg
Siddhartha	https://images.gr-assets.com/books/1428715580l/52036.jpg
Atlas Shrugged	https://images.gr-assets.com/books/1405868167l/662.jpg
Don Quixote	https://images.gr-assets.com/books/1364958765l/3836.jpg
The Golden Compass	https://images.gr-assets.com/books/1505766203l/119322.jpg
Fahrenheit 451	https://images.gr-assets.com/books/1469704347l/17470674.jpg
The Notebook	https://images.gr-assets.com/books/1385738917l/15931.jpg
Great Expectations	https://images.gr-assets.com/books/1309639398l/2619.jpg
Winnie-the-Pooh	https://images.gr-assets.com/books/1298440130l/99107.jpg
Anna Karenina	https://images.gr-assets.com/books/1452709554l/151.jpg
1984	https://images.gr-assets.com/books/1348990566l/5470.jpg
The Red Tent	https://images.gr-assets.com/books/1405739117l/4989.jpg
Clockwork Angel	https://images.gr-assets.com/books/1454962884l/7171637.jpg
Middlesex	https://images.gr-assets.com/books/1437029776l/2187.jpg
Great Expectations	https://images.gr-assets.com/books/1327920219l/2623.jpg
The Stranger	https://images.gr-assets.com/books/1349927872l/49552.jpg
The Shining	https://images.gr-assets.com/books/1353277730l/11588.jpg
On the Road	https://images.gr-assets.com/books/1413588576l/70401.jpg
Eragon	https://images.gr-assets.com/books/1366212852l/113436.jpg
Tuesdays with Morrie	https://images.gr-assets.com/books/1423763749l/6900.jpg
Flowers for Algernon	https://images.gr-assets.com/books/1367141311l/18373.jpg
The Name of the Wind	https://images.gr-assets.com/books/1515589515l/186074.jpg
Looking for Alaska	https://images.gr-assets.com/books/1394798630l/99561.jpg
The Metamorphosis	https://images.gr-assets.com/books/1359061917l/485894.jpg
The Name of the Rose	https://images.gr-assets.com/books/1415375471l/119073.jpg
The Scarlet Letter	https://images.gr-assets.com/books/1404810944l/12296.jpg
Hush, Hush	https://images.gr-assets.com/books/1358261334l/6339664.jpg
The Godfather	https://images.gr-assets.com/books/1394988109l/22034.jpg
In Cold Blood	https://images.gr-assets.com/books/1424931136l/168642.jpg
Anna Karenina	https://images.gr-assets.com/books/1352422904l/15823480.jpg
Lonesome Dove	https://images.gr-assets.com/books/1378573063l/256008.jpg
Fight Club	https://images.gr-assets.com/books/1357128997l/5759.jpg
Holes	https://images.gr-assets.com/books/1327781893l/38709.jpg
Dune	https://images.gr-assets.com/books/1388175949l/104.jpg
American Gods	https://images.gr-assets.com/books/1258417001l/4407.jpg
Watchmen	https://images.gr-assets.com/books/1442239711l/472331.jpg
The Divine Comedy	https://images.gr-assets.com/books/1390760180l/6656.jpg
Peter Pan	https://images.gr-assets.com/books/1337714526l/34268.jpg
Shadow Kiss	https://images.gr-assets.com/books/1361099049l/2802316.jpg
It	https://images.gr-assets.com/books/1334416842l/830502.jpg
The Last Olympian	https://images.gr-assets.com/books/1327924597l/4502507.jpg
A Walk to Remember	https://images.gr-assets.com/books/1385738968l/3473.jpg
Insurgent	https://images.gr-assets.com/books/1325667729l/11735983.jpg
The Thorn Birds	https://images.gr-assets.com/books/1391416796l/3412.jpg
Atonement	https://images.gr-assets.com/books/1320449708l/6867.jpg
Frostbite	https://images.gr-assets.com/books/1361098960l/2282133.jpg
Eat, Pray, Love	https://images.gr-assets.com/books/1503066414l/19501.jpg
The Three Musketeers	https://images.gr-assets.com/books/1320436982l/7190.jpg
Goodnight Moon	https://images.gr-assets.com/books/1439223893l/32929.jpg
The Lorax	https://images.gr-assets.com/books/1327879938l/7784.jpg
Blood Promise	https://images.gr-assets.com/books/1442530605l/5996153.jpg
The Good Earth	https://images.gr-assets.com/books/1312497600l/1078.jpg
The Prophet	https://images.gr-assets.com/books/1355046521l/2547.jpg
The Mists of Avalon	https://images.gr-assets.com/books/1388857089l/402045.jpg
Heart of Darkness	https://images.gr-assets.com/books/1392799983l/4900.jpg
The Joy Luck Club	https://images.gr-assets.com/books/1304978653l/7763.jpg
The Hobbit	https://images.gr-assets.com/books/1372847500l/5907.jpg
The Call of the Wild	https://images.gr-assets.com/books/1452291694l/1852.jpg
Clockwork Princess	https://images.gr-assets.com/books/1436788488l/18335634.jpg
The Sea of Monsters	https://images.gr-assets.com/books/1400602661l/28186.jpg
Madame Bovary	https://images.gr-assets.com/books/1335676143l/2175.jpg
Bridge to Terabithia	https://images.gr-assets.com/books/1327880087l/2839.jpg
The Titan's Curse	https://images.gr-assets.com/books/1361038385l/561456.jpg
Fifty Shades of Grey	https://images.gr-assets.com/books/1385207843l/10818853.jpg
Oliver Twist	https://images.gr-assets.com/books/1327868529l/18254.jpg
The Canterbury Tales	https://images.gr-assets.com/books/1261208589l/2696.jpg
Ulysses	https://images.gr-assets.com/books/1428891345l/338798.jpg
The Maze Runner	https://images.gr-assets.com/books/1375596592l/6186357.jpg
Treasure Island	https://images.gr-assets.com/books/1485248909l/295.jpg
A Farewell to Arms	https://images.gr-assets.com/books/1313714836l/10799.jpg
David Copperfield	https://images.gr-assets.com/books/1461452762l/58696.jpg
Thirteen Reasons Why	https://images.gr-assets.com/books/1333822506l/1217100.jpg
A Storm of Swords	https://images.gr-assets.com/books/1497931121l/62291.jpg
Shōgun	https://images.gr-assets.com/books/1397228842l/402093.jpg
Schindler's List	https://images.gr-assets.com/books/1348163457l/375013.jpg
Fallen	https://images.gr-assets.com/books/1440619649l/6487308.jpg
His Dark Materials	https://images.gr-assets.com/books/1442329494l/18116.jpg
A Little Princess	https://images.gr-assets.com/books/1327868556l/3008.jpg
The Sun Also Rises	https://images.gr-assets.com/books/1509802323l/3876.jpg
The Secret Magdalene	https://images.gr-assets.com/books/1175446011l/514811.jpg
Spirit Bound	https://images.gr-assets.com/books/1291168967l/6479259.jpg
Jurassic Park	https://images.gr-assets.com/books/1344371661l/6424171.jpg
The Velveteen Rabbit	https://images.gr-assets.com/books/1347748913l/144974.jpg
Beloved	https://images.gr-assets.com/books/1347984578l/6149.jpg
The Silmarillion	https://images.gr-assets.com/books/1336502583l/7332.jpg
Cat's Cradle	https://images.gr-assets.com/books/1327867150l/135479.jpg
The Crucible	https://images.gr-assets.com/books/1447764813l/17250.jpg
Shiver	https://images.gr-assets.com/books/1409283154l/6068551.jpg
A Light in the Attic	https://images.gr-assets.com/books/1427169918l/30118.jpg
She's Come Undone	https://images.gr-assets.com/books/1408113538l/5203.jpg
The Trial	https://images.gr-assets.com/books/1320399438l/17690.jpg
The Lost Hero	https://images.gr-assets.com/books/1464201003l/7736182.jpg
The Night Circus	https://images.gr-assets.com/books/1387124618l/9361589.jpg
Clockwork Prince	https://images.gr-assets.com/books/1460477747l/10025305.jpg
Uglies	https://images.gr-assets.com/books/1443904172l/24770.jpg
The Selection	https://images.gr-assets.com/books/1322103400l/10507293.jpg
The Shack	https://images.gr-assets.com/books/1344270232l/1812457.jpg
Blindness	https://images.gr-assets.com/books/1327866409l/2526.jpg
A Clash of Kings	https://images.gr-assets.com/books/1358254974l/10572.jpg
Throne of Glass	https://images.gr-assets.com/books/1495278054l/7896527.jpg
زندگی مه آلود پریا	https://images.gr-assets.com/books/1532526741l/40937505.jpg
Catching Fire	https://images.gr-assets.com/books/1358273780l/6148028.jpg
The Green Mile	https://images.gr-assets.com/books/1373903563l/11566.jpg
Delirium	https://images.gr-assets.com/books/1327890411l/11614718.jpg
White Oleander	https://images.gr-assets.com/books/1501159524l/32234.jpg
The Vampire Lestat	https://images.gr-assets.com/books/1347515742l/43814.jpg
Beautiful Disaster	https://images.gr-assets.com/books/1358259032l/11505797.jpg
Paper Towns	https://images.gr-assets.com/books/1349013610l/6442769.jpg
Othello	https://images.gr-assets.com/books/1459795105l/12996.jpg
Misery	https://images.gr-assets.com/books/1270545451l/10614.jpg
Into the Wild	https://images.gr-assets.com/books/1403173986l/1845.jpg
King Lear	https://images.gr-assets.com/books/1331563731l/12938.jpg
The Idiot	https://images.gr-assets.com/books/1327865902l/12505.jpg
Speak	https://images.gr-assets.com/books/1310121762l/439288.jpg
Howl's Moving Castle	https://images.gr-assets.com/books/1407450489l/6294.jpg
Cinder	https://images.gr-assets.com/books/1470056948l/11235712.jpg
Neverwhere	https://images.gr-assets.com/books/1348747943l/14497.jpg
The Historian	https://images.gr-assets.com/books/1338298031l/10692.jpg
Uncle Tom's Cabin	https://images.gr-assets.com/books/1414349231l/46787.jpg
Invisible Man	https://images.gr-assets.com/books/1352854247l/16981.jpg
Inkheart	https://images.gr-assets.com/books/1538266636l/28194.jpg
Leaves of Grass	https://images.gr-assets.com/books/1418012204l/27494.jpg
The Thirteenth Tale	https://images.gr-assets.com/books/1346267826l/40440.jpg
Graceling	https://images.gr-assets.com/books/1331548394l/3236307.jpg
Candide	https://images.gr-assets.com/books/1345060082l/19380.jpg
Paradise Lost	https://images.gr-assets.com/books/1526070678l/15997.jpg
Different Seasons	https://images.gr-assets.com/books/1329662611l/39662.jpg
The Complete Works	https://images.gr-assets.com/books/1327884293l/569564.jpg
Heidi	https://images.gr-assets.com/books/1388462714l/93.jpg
Foundation	https://images.gr-assets.com/books/1417900846l/29579.jpg
Walden	https://images.gr-assets.com/books/1465675526l/16902.jpg
The Awakening	https://images.gr-assets.com/books/1170507247l/58345.jpg
The Time Machine	https://images.gr-assets.com/books/1327942880l/2493.jpg
The Secret History	https://images.gr-assets.com/books/1451554846l/29044.jpg
Sophie's Choice	https://images.gr-assets.com/books/1356714742l/228560.jpg
City of Lost Souls	https://images.gr-assets.com/books/1460477703l/8755776.jpg
Sophie's World	https://images.gr-assets.com/books/1343459906l/10959.jpg
Norwegian Wood	https://images.gr-assets.com/books/1386924361l/11297.jpg
The Prince of Tides	https://images.gr-assets.com/books/1512744907l/16735.jpg
Dead Until Dark	https://images.gr-assets.com/books/1468560853l/301082.jpg
Fifty Shades Darker	https://images.gr-assets.com/books/1358266080l/11857408.jpg
Kafka on the Shore	https://images.gr-assets.com/books/1429638085l/4929.jpg
The Wise Man's Fear	https://images.gr-assets.com/books/1452624392l/1215032.jpg
Franny and Zooey	https://images.gr-assets.com/books/1355037988l/5113.jpg
The Power of One	https://images.gr-assets.com/books/1388184360l/122.jpg
Things Fall Apart	https://images.gr-assets.com/books/1352082529l/37781.jpg
The Son of Neptune	https://images.gr-assets.com/books/1464201114l/9520360.jpg
Middlemarch	https://images.gr-assets.com/books/1481264628l/19089.jpg
Gone Girl	https://images.gr-assets.com/books/1397056917l/19288043.jpg
Stardust	https://images.gr-assets.com/books/1459127484l/16793.jpg
Never Let Me Go	https://images.gr-assets.com/books/1353048590l/6334.jpg
Mrs. Dalloway	https://images.gr-assets.com/books/1479336522l/14942.jpg
A Time to Kill	https://images.gr-assets.com/books/1390195915l/32542.jpg
Bel Canto	https://images.gr-assets.com/books/1352997328l/5826.jpg
The Complete Novels	https://images.gr-assets.com/books/1388178574l/14905.jpg
Cold Mountain	https://images.gr-assets.com/books/1442416348l/10920.jpg
Fifty Shades Freed	https://images.gr-assets.com/books/1336418837l/13536860.jpg
If I Stay	https://images.gr-assets.com/books/1347462970l/4374400.jpg
Love You Forever	https://images.gr-assets.com/books/1348832754l/310259.jpg
Number the Stars	https://images.gr-assets.com/books/1370917812l/47281.jpg
Legend	https://images.gr-assets.com/books/1501368160l/9275658.jpg
Black Beauty	https://images.gr-assets.com/books/1420911526l/3685.jpg
Allegiant	https://images.gr-assets.com/books/1395582745l/18710190.jpg
The Witches	https://images.gr-assets.com/books/1351707720l/6327.jpg
Eleanor & Park	https://images.gr-assets.com/books/1341952742l/15745753.jpg
V for Vendetta	https://images.gr-assets.com/books/1343668985l/5805.jpg
Eldest	https://images.gr-assets.com/books/1387119654l/45978.jpg
The Mark of Athena	https://images.gr-assets.com/books/1464201354l/12127750.jpg
The Gunslinger	https://images.gr-assets.com/books/1375776480l/43615.jpg
White Fang	https://images.gr-assets.com/books/1475878443l/43035.jpg
Beautiful Creatures	https://images.gr-assets.com/books/1327873282l/6304335.jpg
Dark Lover	https://images.gr-assets.com/books/1429676285l/42899.jpg
A Separate Peace	https://images.gr-assets.com/books/1528860889l/5148.jpg
Beowulf	https://images.gr-assets.com/books/1327878125l/52357.jpg
The Graveyard Book	https://images.gr-assets.com/books/1531295292l/2213661.jpg
Brisingr	https://images.gr-assets.com/books/1391443970l/2248573.jpg
Crescendo	https://images.gr-assets.com/books/1362408146l/7791997.jpg
My Ántonia	https://images.gr-assets.com/books/1389151307l/17150.jpg
Mockingjay	https://images.gr-assets.com/books/1358275419l/7260188.jpg
The Last Song	https://images.gr-assets.com/books/1286549186l/6400090.jpg
The English Patient	https://images.gr-assets.com/books/1320527907l/11713.jpg
The Complete Maus	https://images.gr-assets.com/books/1327354180l/15195.jpg
Obsidian	https://images.gr-assets.com/books/1328275091l/12578077.jpg
Midnight's Children	https://images.gr-assets.com/books/1371063511l/14836.jpg
The Firm	https://images.gr-assets.com/books/1418465200l/5358.jpg
Stargirl	https://images.gr-assets.com/books/1335947642l/22232.jpg
Tao Te Ching	https://images.gr-assets.com/books/1333578861l/67896.jpg
The Eye of the World	https://images.gr-assets.com/books/1337818095l/228665.jpg
Robinson Crusoe	https://images.gr-assets.com/books/1403180114l/2932.jpg
Doctor Zhivago	https://images.gr-assets.com/books/1385508725l/130440.jpg
Steppenwolf	https://images.gr-assets.com/books/1389332672l/16631.jpg
Me Before You	https://images.gr-assets.com/books/1357108762l/15507958.jpg
The Amber Spyglass	https://images.gr-assets.com/books/1329189152l/18122.jpg
Ready Player One	https://images.gr-assets.com/books/1500930947l/9969571.jpg
'Salem's Lot	https://images.gr-assets.com/books/1327891565l/11590.jpg
Inferno	https://images.gr-assets.com/books/1520255019l/15645.jpg
Evermore	https://images.gr-assets.com/books/1362336360l/3975774.jpg
Cloud Atlas	https://images.gr-assets.com/books/1406383769l/49628.jpg
Shatter Me	https://images.gr-assets.com/books/1310649047l/10429045.jpg
The BFG	https://images.gr-assets.com/books/1327872673l/6319.jpg
A Fine Balance	https://images.gr-assets.com/books/1386925449l/5211.jpg
Dragonfly in Amber	https://images.gr-assets.com/books/1456114344l/5364.jpg
The Angel Experiment	https://images.gr-assets.com/books/1339277875l/13152.jpg
Room	https://images.gr-assets.com/books/1344265419l/7937843.jpg
Death of a Salesman	https://images.gr-assets.com/books/1469024140l/12898.jpg
The Subtle Knife	https://images.gr-assets.com/books/1505766360l/119324.jpg
The Final Empire	https://images.gr-assets.com/books/1480717416l/68428.jpg
American Psycho	https://images.gr-assets.com/books/1436934349l/28676.jpg
Faust: First Part	https://images.gr-assets.com/books/1435405022l/14706.jpg
The Shipping News	https://images.gr-assets.com/books/1514344704l/7354.jpg
Infinite Jest	https://images.gr-assets.com/books/1446876799l/6759.jpg
The Prince	https://images.gr-assets.com/books/1390055828l/28862.jpg
Houdini Heart	https://images.gr-assets.com/books/1510418043l/11324204.jpg
The Way of Kings	https://images.gr-assets.com/books/1388184640l/7235533.jpg
Hopeless	https://images.gr-assets.com/books/1353489892l/15717943.jpg
The Chosen	https://images.gr-assets.com/books/1403191327l/187181.jpg
High Fidelity	https://images.gr-assets.com/books/1327928082l/285092.jpg
Flowers in the Attic	https://images.gr-assets.com/books/1327880853l/43448.jpg
The Plague	https://images.gr-assets.com/books/1503362434l/11989.jpg
Matched	https://images.gr-assets.com/books/1367706191l/7735333.jpg
Nineteen Minutes	https://images.gr-assets.com/books/1348577596l/14866.jpg
Wonder	https://images.gr-assets.com/books/1412358842l/23302416.jpg
The Virgin Suicides	https://images.gr-assets.com/books/1319032910l/10956.jpg
A Feast for Crows	https://images.gr-assets.com/books/1429538615l/13497.jpg
Artemis Fowl	https://images.gr-assets.com/books/1327945104l/249747.jpg
The Age of Innocence	https://images.gr-assets.com/books/1388248423l/53835.jpg
Untamed	https://images.gr-assets.com/books/1438037020l/2866718.jpg
East of Eden	https://images.gr-assets.com/books/1441547516l/4406.jpg
Pippi Longstocking	https://images.gr-assets.com/books/1519300455l/19302.jpg
Neuromancer	https://images.gr-assets.com/books/1167348726l/22328.jpg
The Martian	https://images.gr-assets.com/books/1413706054l/18007564.jpg
Redeeming Love	https://images.gr-assets.com/books/1166475085l/11422.jpg
The Waste Land	https://images.gr-assets.com/books/1327910597l/34080.jpg
Shantaram	https://images.gr-assets.com/books/1333482282l/33600.jpg
Lover Awakened	https://images.gr-assets.com/books/1388773547l/42900.jpg
Northanger Abbey	https://images.gr-assets.com/books/1388201718l/50398.jpg
The Pearl	https://images.gr-assets.com/books/1437234939l/5308.jpg
The Lost Symbol	https://images.gr-assets.com/books/1534070883l/6411961.jpg
Waiting for Godot	https://images.gr-assets.com/books/1327910301l/17716.jpg
Chosen	https://images.gr-assets.com/books/1393192825l/1326258.jpg
Dubliners	https://images.gr-assets.com/books/1334138184l/11012.jpg
The Jungle	https://images.gr-assets.com/books/1332140681l/41681.jpg
To the Lighthouse	https://images.gr-assets.com/books/1346239665l/59716.jpg
I, Claudius	https://images.gr-assets.com/books/1388185810l/18765.jpg
A Room with a View	https://images.gr-assets.com/books/1388781285l/3087.jpg
The House of Hades	https://images.gr-assets.com/books/1464201430l/12127810.jpg
A Dance with Dragons	https://images.gr-assets.com/books/1327885335l/10664113.jpg
I, Robot	https://images.gr-assets.com/books/1388321463l/41804.jpg
Carrie	https://images.gr-assets.com/books/1166254258l/10592.jpg
Hamlet	https://images.gr-assets.com/books/1351051208l/1420.jpg
The Last Battle	https://images.gr-assets.com/books/1308814830l/84369.jpg
Bloodlines	https://images.gr-assets.com/books/1297199431l/8709527.jpg
The Iron King	https://images.gr-assets.com/books/1327877670l/6644117.jpg
Bleak House	https://images.gr-assets.com/books/1280113147l/31242.jpg
The Exorcist	https://images.gr-assets.com/books/1375168676l/179780.jpg
The One	https://images.gr-assets.com/books/1395612906l/18635016.jpg
Voyager	https://images.gr-assets.com/books/1483278195l/10987.jpg
Torment	https://images.gr-assets.com/books/1362339749l/7740152.jpg
Vanity Fair	https://images.gr-assets.com/books/1344386439l/5797.jpg
The God Delusion	https://images.gr-assets.com/books/1347220693l/14743.jpg
The Republic	https://images.gr-assets.com/books/1386925655l/30289.jpg
Johnny Got His Gun	https://images.gr-assets.com/books/1386925458l/51606.jpg
Crown of Midnight	https://images.gr-assets.com/books/1391580481l/17167166.jpg
Of Human Bondage	https://images.gr-assets.com/books/1386924695l/31548.jpg
Snow Crash	https://images.gr-assets.com/books/1477624625l/830.jpg
North and South	https://images.gr-assets.com/books/1349633381l/156538.jpg
The Witching Hour	https://images.gr-assets.com/books/1327289387l/11901.jpg
Bared to You	https://images.gr-assets.com/books/1433411511l/20448515.jpg
Perfect Chemistry	https://images.gr-assets.com/books/1439792475l/4268157.jpg
Halfway to the Grave	https://images.gr-assets.com/books/1373855613l/1421990.jpg
Wizard's First Rule	https://images.gr-assets.com/books/1385248539l/43889.jpg
Chocolat	https://images.gr-assets.com/books/1388674628l/47401.jpg
The 5th Wave	https://images.gr-assets.com/books/1359853842l/16101128.jpg
The Summoning	https://images.gr-assets.com/books/1478986944l/2800905.jpg
Are You My Mother?	https://images.gr-assets.com/books/1389098758l/197084.jpg
Cannery Row	https://images.gr-assets.com/books/1388188936l/4799.jpg
The Woman in White	https://images.gr-assets.com/books/1295661017l/5890.jpg
The Polar Express	https://images.gr-assets.com/books/1356707942l/420282.jpg
Just Listen	https://images.gr-assets.com/books/1358270741l/51738.jpg
Acheron	https://images.gr-assets.com/books/1437687512l/2299110.jpg
Silence	https://images.gr-assets.com/books/1362408152l/10637766.jpg
Unwind	https://images.gr-assets.com/books/1297677706l/764347.jpg
Sarah's Key	https://images.gr-assets.com/books/1438863728l/556602.jpg
The Glass Menagerie	https://images.gr-assets.com/books/1391591003l/92517.jpg
Dead to the World	https://images.gr-assets.com/books/1468561630l/140077.jpg
Hunted	https://images.gr-assets.com/books/1438042897l/4134071.jpg
I Am Number Four	https://images.gr-assets.com/books/1305807140l/7747374.jpg
War and Peace	https://images.gr-assets.com/books/1413215930l/656.jpg
Nine Stories	https://images.gr-assets.com/books/1514839407l/4009.jpg
The Last Lecture	https://images.gr-assets.com/books/1388075896l/2318271.jpg
The Arabian Nights	https://images.gr-assets.com/books/1388212809l/93101.jpg
The Bronze Horseman	https://images.gr-assets.com/books/1327921996l/83144.jpg
Being and Time	https://images.gr-assets.com/books/1298438455l/92307.jpg
I Capture the Castle	https://images.gr-assets.com/books/1385316083l/31122.jpg
Twelfth Night	https://images.gr-assets.com/books/1416628008l/1625.jpg
Coraline	https://images.gr-assets.com/books/1493497435l/17061.jpg
The Hours	https://images.gr-assets.com/books/1479663379l/11899.jpg
Heir of Fire	https://images.gr-assets.com/books/1460846511l/20613470.jpg
Swann's Way	https://images.gr-assets.com/books/1452956236l/12749.jpg
Pet Sematary	https://images.gr-assets.com/books/1308894674l/10583.jpg
Angelfall	https://images.gr-assets.com/books/1464206558l/15863832.jpg
Wicked Lovely	https://images.gr-assets.com/books/1327814035l/305234.jpg
The Bean Trees	https://images.gr-assets.com/books/1443483961l/30868.jpg
The Elite	https://images.gr-assets.com/books/1391454595l/16248068.jpg
Slammed	https://images.gr-assets.com/books/1328530463l/13372690.jpg
P.S. I Love You	https://images.gr-assets.com/books/1392344536l/366522.jpg
The Red Pyramid	https://images.gr-assets.com/books/1366227978l/7090447.jpg
Cyrano de Bergerac	https://images.gr-assets.com/books/1386920459l/15638.jpg
The Grapes of Wrath	https://images.gr-assets.com/books/1513108059l/18114322.jpg
Drums of Autumn	https://images.gr-assets.com/books/1500688941l/10988.jpg
World Without End	https://images.gr-assets.com/books/1509545511l/5064.jpg
Sabriel	https://images.gr-assets.com/books/1293655399l/518848.jpg
The Darkest Minds	https://images.gr-assets.com/books/1343178841l/10576365.jpg
The Last Unicorn	https://images.gr-assets.com/books/1524764327l/29127.jpg
Cutting for Stone	https://images.gr-assets.com/books/1327931601l/3591262.jpg
The Goose Girl	https://images.gr-assets.com/books/1330728389l/179064.jpg
Ignite Me	https://images.gr-assets.com/books/1375972497l/13188676.jpg
All the King's Men	https://images.gr-assets.com/books/1342193852l/5527.jpg
Julius Caesar	https://images.gr-assets.com/books/1354574927l/13006.jpg
Peace Like a River	https://images.gr-assets.com/books/1436139976l/227571.jpg
Speaker for the Dead	https://images.gr-assets.com/books/1295660894l/7967.jpg
Lover Eternal	https://images.gr-assets.com/books/1300845974l/35729.jpg
Before I Fall	https://images.gr-assets.com/books/1361044695l/6482837.jpg
The Eyre Affair	https://images.gr-assets.com/books/1445540555l/27003.jpg
Shadowfever	https://images.gr-assets.com/books/1439940228l/7304203.jpg
A Dog's Purpose	https://images.gr-assets.com/books/1441219933l/7723542.jpg
Anne of Avonlea	https://images.gr-assets.com/books/1305545757l/77390.jpg
Left Behind	https://images.gr-assets.com/books/1406505054l/27523.jpg
The Westing Game	https://images.gr-assets.com/books/1356850909l/902.jpg
Hyperion	https://images.gr-assets.com/books/1405546838l/77566.jpg
Poison Study	https://images.gr-assets.com/books/1388519019l/60510.jpg
The Talisman	https://images.gr-assets.com/books/1170530286l/59219.jpg
The Secret	https://images.gr-assets.com/books/1482865039l/52529.jpg
Gone	https://images.gr-assets.com/books/1357796831l/2536134.jpg
The Silver Chair	https://images.gr-assets.com/books/1336139237l/65641.jpg
Possession	https://images.gr-assets.com/books/1391124124l/41219.jpg
Native Son	https://images.gr-assets.com/books/1440820866l/15622.jpg
Darkfever	https://images.gr-assets.com/books/1392579949l/112750.jpg
The Art of War	https://images.gr-assets.com/books/1453417993l/10534.jpg
The History of Love	https://images.gr-assets.com/books/1327911009l/3867.jpg
Angels & Demons	https://images.gr-assets.com/books/1527091700l/960.jpg
Where She Went	https://images.gr-assets.com/books/1347810457l/8492825.jpg
Pretties	https://images.gr-assets.com/books/1388314207l/24768.jpg
John Adams	https://images.gr-assets.com/books/1478144278l/2203.jpg
Oedipus Rex	https://images.gr-assets.com/books/1388182316l/1554.jpg
Foucault's Pendulum	https://images.gr-assets.com/books/1396645125l/17841.jpg
The Killer Angels	https://images.gr-assets.com/books/1355371689l/682804.jpg
Inheritance	https://images.gr-assets.com/books/1390886502l/7664041.jpg
Tempted	https://images.gr-assets.com/books/1408633041l/6262365.jpg
The Blind Assassin	https://images.gr-assets.com/books/1451445426l/78433.jpg
Prince Caspian	https://images.gr-assets.com/books/1308814880l/121749.jpg
One for the Money	https://images.gr-assets.com/books/1316730230l/6853.jpg
Six of Crows	https://images.gr-assets.com/books/1459349344l/23437156.jpg
Lover Unbound	https://images.gr-assets.com/books/1351276662l/304027.jpg
Champion	https://images.gr-assets.com/books/1382652310l/14290364.jpg
Persuasion	https://images.gr-assets.com/books/1385172413l/2156.jpg
The Scorch Trials	https://images.gr-assets.com/books/1388240248l/7631105.jpg
The Bourne Identity	https://images.gr-assets.com/books/1335860740l/7869.jpg
The Bad Beginning	https://images.gr-assets.com/books/1490085391l/78411.jpg
Gravity's Rainbow	https://images.gr-assets.com/books/1414969925l/415.jpg
The Raven Boys	https://images.gr-assets.com/books/1477103737l/17675462.jpg
A Wizard of Earthsea	https://images.gr-assets.com/books/1353424536l/13642.jpg
The Magus	https://images.gr-assets.com/books/1441323311l/16286.jpg
Jitterbug Perfume	https://images.gr-assets.com/books/1388607752l/8682.jpg
Prodigal Summer	https://images.gr-assets.com/books/1426308771l/14249.jpg
Corelli's Mandolin	https://images.gr-assets.com/books/1479680795l/3388.jpg
Oryx and Crake	https://images.gr-assets.com/books/1494109986l/46756.jpg
Grimm's Fairy Tales	https://images.gr-assets.com/books/1386705031l/19351490.jpg
Message in a Bottle	https://images.gr-assets.com/books/1163789140l/3478.jpg
Love Story	https://images.gr-assets.com/books/1388812297l/73968.jpg
We Were Liars	https://images.gr-assets.com/books/1402749479l/16143347.jpg
Papillon	https://images.gr-assets.com/books/1327865561l/6882.jpg
The Fiery Cross	https://images.gr-assets.com/books/1407366842l/10967.jpg
Night Watch	https://images.gr-assets.com/books/1320518310l/47989.jpg
Glass Houses	https://images.gr-assets.com/books/1428057864l/27266.jpg
The Shell Seekers	https://images.gr-assets.com/books/1385213408l/37095.jpg
Prodigy	https://images.gr-assets.com/books/1336254717l/13414446.jpg
The Big Sleep	https://images.gr-assets.com/books/1371584712l/2052.jpg
1Q84	https://images.gr-assets.com/books/1483103331l/10357575.jpg
A Christmas Carol	https://images.gr-assets.com/books/1406512317l/5326.jpg
Club Dead	https://images.gr-assets.com/books/1329501590l/140082.jpg
Lover Revealed	https://images.gr-assets.com/books/1389646548l/42898.jpg
Angle of Repose	https://images.gr-assets.com/books/1329151576l/292408.jpg
Ivanhoe	https://images.gr-assets.com/books/1405336818l/6440.jpg
Queen of Shadows	https://images.gr-assets.com/books/1441230104l/18006496.jpg
Scarlet	https://images.gr-assets.com/books/1470056982l/13206760.jpg
Anthem	https://images.gr-assets.com/books/1388190459l/667.jpg
The Aeneid	https://images.gr-assets.com/books/1386923968l/12914.jpg
Lover Avenged	https://images.gr-assets.com/books/1321039998l/5098079.jpg
Jude the Obscure	https://images.gr-assets.com/books/1389403264l/50798.jpg
Linger	https://images.gr-assets.com/books/1292482391l/6654313.jpg
The Jungle Books	https://images.gr-assets.com/books/1349066474l/41684.jpg
My Name Is Asher Lev	https://images.gr-assets.com/books/1385056726l/11507.jpg
Watchers	https://images.gr-assets.com/books/1532695250l/32423.jpg
Odd Thomas	https://images.gr-assets.com/books/1388245669l/14995.jpg
Cosmos	https://images.gr-assets.com/books/1388620656l/55030.jpg
The Sirens of Titan	https://images.gr-assets.com/books/1419363185l/4982.jpg
The Alienist	https://images.gr-assets.com/books/1388256626l/40024.jpg
Inferno	https://images.gr-assets.com/books/1534070896l/17212231.jpg
Ender's Shadow	https://images.gr-assets.com/books/1424904668l/9532.jpg
One Day	https://images.gr-assets.com/books/1327873020l/6280118.jpg
The Power of Myth	https://images.gr-assets.com/books/1327878742l/35519.jpg
Gift from the Sea	https://images.gr-assets.com/books/1328312670l/77295.jpg
The Story of My Life	https://images.gr-assets.com/books/1320429331l/821611.jpg
Song of Solomon	https://images.gr-assets.com/books/1451448230l/11334.jpg
The Corrections	https://images.gr-assets.com/books/1355011305l/3805.jpg
Under the Dome	https://images.gr-assets.com/books/1511289992l/6320534.jpg
The Bluest Eye	https://images.gr-assets.com/books/1388208495l/11337.jpg
Night	https://images.gr-assets.com/books/1473495285l/1617.jpg
Cryptonomicon	https://images.gr-assets.com/books/1327931476l/816.jpg
Walk Two Moons	https://images.gr-assets.com/books/1389035862l/53496.jpg
The Namesake	https://images.gr-assets.com/books/1480106986l/33917.jpg
Digital Fortress	https://images.gr-assets.com/books/1360095966l/11125.jpg
The Magic Mountain	https://images.gr-assets.com/books/1403170928l/88077.jpg
A Monster Calls	https://images.gr-assets.com/books/1485991317l/8621462.jpg
گم شده ای در مه	https://images.gr-assets.com/books/1532496795l/40941582.jpg
Finale	https://images.gr-assets.com/books/1362408156l/12751687.jpg
Mary Poppins	https://images.gr-assets.com/books/1327947805l/152380.jpg
Howards End	https://images.gr-assets.com/books/1385160500l/3102.jpg
Battle Royale	https://images.gr-assets.com/books/1331235272l/57891.jpg
Dreamfever	https://images.gr-assets.com/books/1429621657l/6050298.jpg
Howl and Other Poems	https://images.gr-assets.com/books/1327870926l/6295.jpg
Fire	https://images.gr-assets.com/books/1331535456l/6137154.jpg
I Am the Messenger	https://images.gr-assets.com/books/1398483261l/19057.jpg
Reflected in You	https://images.gr-assets.com/books/1477802540l/13596809.jpg
Starship Troopers	https://images.gr-assets.com/books/1533117961l/17214.jpg
Cold Sassy Tree	https://images.gr-assets.com/books/1223675895l/306654.jpg
Collected Fictions	https://images.gr-assets.com/books/1386924676l/17961.jpg
Ruby Red	https://images.gr-assets.com/books/1312036605l/8835379.jpg
Crank	https://images.gr-assets.com/books/1388192181l/270730.jpg
The Death Cure	https://images.gr-assets.com/books/1303997647l/7864437.jpg
The Awakening	https://images.gr-assets.com/books/1478986806l/5391115.jpg
Gabriel's Inferno	https://images.gr-assets.com/books/1301789770l/10140661.jpg
Unravel Me	https://images.gr-assets.com/books/1340287622l/13104080.jpg
The Reckoning	https://images.gr-assets.com/books/1327154591l/6468666.jpg
Walking Disaster	https://images.gr-assets.com/books/1352338368l/15745950.jpg
Cress	https://images.gr-assets.com/books/1470057005l/13206828.jpg
Death on the Nile	https://images.gr-assets.com/books/1486837149l/131359.jpg
Tender Is the Night	https://images.gr-assets.com/books/1438797669l/46164.jpg
Ethan Frome	https://images.gr-assets.com/books/1389822254l/5246.jpg
Revolutionary Road	https://images.gr-assets.com/books/1353721885l/48328.jpg
Antigone	https://images.gr-assets.com/books/1486701308l/7728.jpg
Specials	https://images.gr-assets.com/books/1390340887l/24765.jpg
The Golden Lily	https://images.gr-assets.com/books/1360599818l/8709523.jpg
The Two Towers	https://images.gr-assets.com/books/1298415523l/15241.jpg
Small Gods	https://images.gr-assets.com/books/1390899426l/34484.jpg
Dandelion Wine	https://images.gr-assets.com/books/1374049845l/50033.jpg
Exodus	https://images.gr-assets.com/books/1359742531l/42697.jpg
Guilty Pleasures	https://images.gr-assets.com/books/1388207930l/30281.jpg
The Sparrow	https://images.gr-assets.com/books/1525457306l/334176.jpg
Kane and Abel	https://images.gr-assets.com/books/1388965561l/78983.jpg
Words of Radiance	https://images.gr-assets.com/books/1507307927l/17332218.jpg
Burned	https://images.gr-assets.com/books/1327944437l/6917952.jpg
Still Alice	https://images.gr-assets.com/books/1236089972l/2153405.jpg
Forrest Gump	https://images.gr-assets.com/books/1385313197l/186190.jpg
Definitely Dead	https://images.gr-assets.com/books/1468562748l/140079.jpg
Night World, No. 1	https://images.gr-assets.com/books/1434962482l/3099787.jpg
Absalom, Absalom!	https://images.gr-assets.com/books/1388474680l/373755.jpg
The Forgotten Garden	https://images.gr-assets.com/books/1455283767l/3407877.jpg
Nausea	https://images.gr-assets.com/books/1377674928l/298275.jpg
Opal	https://images.gr-assets.com/books/1348200300l/13362536.jpg
Ficciones	https://images.gr-assets.com/books/1388197956l/426504.jpg
The Lucky One	https://images.gr-assets.com/books/1420816338l/3063499.jpg
Christy	https://images.gr-assets.com/books/1389406901l/229123.jpg
Pandemonium	https://images.gr-assets.com/books/1310371414l/9593911.jpg
The Color of Magic	https://images.gr-assets.com/books/1407111017l/34497.jpg
The Gargoyle	https://images.gr-assets.com/books/1368598513l/2595138.jpg
The Wedding	https://images.gr-assets.com/books/1385738787l/3466.jpg
Trainspotting	https://images.gr-assets.com/books/1353033083l/135836.jpg
Geek Love	https://images.gr-assets.com/books/1366699063l/13872.jpg
The Passage	https://images.gr-assets.com/books/1327874267l/6690798.jpg
Lover Mine	https://images.gr-assets.com/books/1391511285l/7046495.jpg
The City of Ember	https://images.gr-assets.com/books/1397931596l/307791.jpg
Dead as a Doornail	https://images.gr-assets.com/books/1468562419l/170210.jpg
Thoughtless	https://images.gr-assets.com/books/1331254339l/13517535.jpg
Where the Heart Is	https://images.gr-assets.com/books/1327959469l/5168.jpg
All Together Dead	https://images.gr-assets.com/books/1417964062l/140075.jpg
Easy	https://images.gr-assets.com/books/1349370267l/16056408.jpg
Mystic River	https://images.gr-assets.com/books/1407109549l/21671.jpg
From Dead to Worse	https://images.gr-assets.com/books/1525214511l/2233407.jpg
Beach Music	https://images.gr-assets.com/books/1426903848l/16729.jpg
A Walk in the Woods	https://images.gr-assets.com/books/1388189974l/9791.jpg
A Moveable Feast	https://images.gr-assets.com/books/1531210888l/4631.jpg
Emma	https://images.gr-assets.com/books/1373627931l/6969.jpg
On the Beach	https://images.gr-assets.com/books/1327943327l/38180.jpg
The Pact	https://images.gr-assets.com/books/1410754561l/10916.jpg
Sonnets	https://images.gr-assets.com/books/1431229752l/42038.jpg
Onyx	https://images.gr-assets.com/books/1329408511l/13047090.jpg
Macbeth	https://images.gr-assets.com/books/1459795224l/8852.jpg
Red Queen	https://images.gr-assets.com/books/1449778912l/22328546.jpg
Bitten	https://images.gr-assets.com/books/1306101770l/11918.jpg
Wings	https://images.gr-assets.com/books/1327983077l/5056084.jpg
Tiger's Curse	https://images.gr-assets.com/books/1327878915l/9284655.jpg
Deception Point	https://images.gr-assets.com/books/1524176259l/976.jpg
Choke	https://images.gr-assets.com/books/1403186013l/29059.jpg
The Goldfinch	https://images.gr-assets.com/books/1451554970l/17333223.jpg
Redwall	https://images.gr-assets.com/books/1327877368l/7996.jpg
The Bhagavad Gita	https://images.gr-assets.com/books/1383059639l/99944.jpg
Orlando	https://images.gr-assets.com/books/1443118010l/18839.jpg
The Dark Tower	https://images.gr-assets.com/books/1372296329l/5091.jpg
Dead and Gone	https://images.gr-assets.com/books/1388186195l/5161066.jpg
Passion	https://images.gr-assets.com/books/1362339802l/9369720.jpg
Mort	https://images.gr-assets.com/books/1388181166l/386372.jpg
Unearthly	https://images.gr-assets.com/books/1324782984l/7488244.jpg
Red Rising	https://images.gr-assets.com/books/1461354651l/15839976.jpg
Pale Fire	https://images.gr-assets.com/books/1388155863l/7805.jpg
The House of Mirth	https://images.gr-assets.com/books/1328729186l/17728.jpg
Blue Bloods	https://images.gr-assets.com/books/1322281515l/872333.jpg
Survivor	https://images.gr-assets.com/books/1348787270l/7076703.jpg
Along for the Ride	https://images.gr-assets.com/books/1479692098l/5664985.jpg
Every Day	https://images.gr-assets.com/books/1356993940l/13262783.jpg
Beastly	https://images.gr-assets.com/books/1334260193l/544891.jpg
Fablehaven	https://images.gr-assets.com/books/1460309528l/44652.jpg
Eleven Minutes	https://images.gr-assets.com/books/1358266987l/1430.jpg
The Guardian	https://images.gr-assets.com/books/1388195339l/15925.jpg
The Horse Whisperer	https://images.gr-assets.com/books/1320410310l/479415.jpg
Disgrace	https://images.gr-assets.com/books/1385161943l/6192.jpg
We	https://images.gr-assets.com/books/1421883730l/76171.jpg
The Indigo Spell	https://images.gr-assets.com/books/1438483930l/8709526.jpg
The Razor's Edge	https://images.gr-assets.com/books/1386925123l/31196.jpg
The Ruins of Gorlan	https://images.gr-assets.com/books/1293952830l/60400.jpg
Safe Haven	https://images.gr-assets.com/books/1344268800l/7812659.jpg
Silas Marner	https://images.gr-assets.com/books/1347323528l/54539.jpg
Dead Witch Walking	https://images.gr-assets.com/books/1391713381l/30264.jpg
Shutter Island	https://images.gr-assets.com/books/1329269081l/21686.jpg
This Lullaby	https://images.gr-assets.com/books/1397779294l/22205.jpg
At Grave's End	https://images.gr-assets.com/books/1448167943l/3570231.jpg
Childhood's End	https://images.gr-assets.com/books/1320552628l/414999.jpg
Into the Wild	https://images.gr-assets.com/books/1327994729l/111332.jpg
A Bend in the Road	https://images.gr-assets.com/books/1388453919l/3463.jpg
The Long Walk	https://images.gr-assets.com/books/1309212400l/9014.jpg
The Hero of Ages	https://images.gr-assets.com/books/1480717763l/2767793.jpg
The Far Pavilions	https://images.gr-assets.com/books/1403391799l/10222.jpg
Ugly Love	https://images.gr-assets.com/books/1399179135l/17788401.jpg
The Runaway Jury	https://images.gr-assets.com/books/1388444668l/24192.jpg
Wizard and Glass	https://images.gr-assets.com/books/1327946510l/5096.jpg
Hex Hall	https://images.gr-assets.com/books/1368393885l/5287473.jpg
Nightshade	https://images.gr-assets.com/books/1333400218l/7402393.jpg
The Maltese Falcon	https://images.gr-assets.com/books/1306421260l/29999.jpg
Point of Retreat	https://images.gr-assets.com/books/1330543249l/13496084.jpg
White Noise	https://images.gr-assets.com/books/1521562981l/11762.jpg
Light in August	https://images.gr-assets.com/books/1355360091l/10979.jpg
Walks Away Woman	https://images.gr-assets.com/books/1386953097l/19405702.jpg
A Passage to India	https://images.gr-assets.com/books/1421883612l/45195.jpg
Lock and Key	https://images.gr-assets.com/books/1479691949l/1295102.jpg
The Iron Queen	https://images.gr-assets.com/books/1321070331l/8685612.jpg
Cry Wolf	https://images.gr-assets.com/books/1310494063l/2355575.jpg
On Dublin Street	https://images.gr-assets.com/books/1490401910l/15760001.jpg
School's Out—Forever	https://images.gr-assets.com/books/1346079917l/13139.jpg
Valley of the Dolls	https://images.gr-assets.com/books/1429239923l/581811.jpg
Birdsong	https://images.gr-assets.com/books/1349952101l/6259.jpg
The Blood of Olympus	https://images.gr-assets.com/books/1464201441l/18705209.jpg
Let the Right One In	https://images.gr-assets.com/books/1327893384l/943402.jpg
The Winds of War	https://images.gr-assets.com/books/1442187661l/21484.jpg
Memnoch the Devil	https://images.gr-assets.com/books/1506208231l/31338.jpg
Across the Universe	https://images.gr-assets.com/books/1401852218l/8235178.jpg
The Great Divorce	https://images.gr-assets.com/books/1166805741l/17267.jpg
Forbidden	https://images.gr-assets.com/books/1394239949l/7600924.jpg
Fall on Your Knees	https://images.gr-assets.com/books/1481449709l/5174.jpg
Blue Moon	https://images.gr-assets.com/books/1362336365l/6134826.jpg
Swan Song	https://images.gr-assets.com/books/1445981000l/11557.jpg
The Fountainhead	https://images.gr-assets.com/books/1491163636l/2122.jpg
Bloodfever	https://images.gr-assets.com/books/1302566396l/344262.jpg
Anansi Boys	https://images.gr-assets.com/books/1479778049l/2744.jpg
The Tempest	https://images.gr-assets.com/books/1327793692l/12985.jpg
Half-Blood	https://images.gr-assets.com/books/1311865840l/9680718.jpg
The Iron Daughter	https://images.gr-assets.com/books/1271790654l/7747064.jpg
Magician	https://images.gr-assets.com/books/1391464462l/43916.jpg
The Valley of Horses	https://images.gr-assets.com/books/1324059760l/40493.jpg
A Town Like Alice	https://images.gr-assets.com/books/1327957610l/107301.jpg
Rules of Attraction	https://images.gr-assets.com/books/1439792205l/7137775.jpg
Storm Front	https://images.gr-assets.com/books/1419456275l/47212.jpg
Naked Lunch	https://images.gr-assets.com/books/1407330990l/7437.jpg
Eugene Onegin	https://images.gr-assets.com/books/1388373138l/27822.jpg
Origin	https://images.gr-assets.com/books/1398100888l/13644052.jpg
The Fall	https://images.gr-assets.com/books/1467904855l/11991.jpg
Forever	https://images.gr-assets.com/books/1285771367l/9409458.jpg
Go, Dog. Go!	https://images.gr-assets.com/books/1333578440l/460548.jpg
Practical Magic	https://images.gr-assets.com/books/1490354120l/22896.jpg
The Tin Drum	https://images.gr-assets.com/books/1327945103l/35743.jpg
Timeline	https://images.gr-assets.com/books/1405420745l/7669.jpg
Exotic Neurotic	https://images.gr-assets.com/books/1462818814l/29395568.jpg
Mother Night	https://images.gr-assets.com/books/1344621657l/9592.jpg
Hogfather	https://images.gr-assets.com/books/1416342611l/34532.jpg
A Dirty Job	https://images.gr-assets.com/books/1331323415l/33456.jpg
The Collector	https://images.gr-assets.com/books/1394828024l/243705.jpg
The Rescue	https://images.gr-assets.com/books/1385055753l/3462.jpg
The Glass Castle	https://images.gr-assets.com/books/1523542886l/7445.jpg
Empire of Storms	https://images.gr-assets.com/books/1463107108l/28260587.jpg
Hearts in Atlantis	https://images.gr-assets.com/books/1374048926l/11602.jpg
House of Leaves	https://images.gr-assets.com/books/1403889034l/24800.jpg
The Client	https://images.gr-assets.com/books/1388632222l/5359.jpg
Empire Falls	https://images.gr-assets.com/books/1403184884l/187020.jpg
Fallen Too Far	https://images.gr-assets.com/books/1349565157l/16070903.jpg
Starcrossed	https://images.gr-assets.com/books/1358266716l/9462795.jpg
Going Postal	https://images.gr-assets.com/books/1388236899l/64222.jpg
The Tale of Genji	https://images.gr-assets.com/books/1401241319l/7042.jpg
Nights in Rodanthe	https://images.gr-assets.com/books/1328145638l/15926.jpg
Harriet the Spy	https://images.gr-assets.com/books/1518446869l/232576.jpg
Night World, No. 2	https://images.gr-assets.com/books/1399662376l/2985500.jpg
The Decameron	https://images.gr-assets.com/books/1472027832l/51799.jpg
The Way of Shadows	https://images.gr-assets.com/books/1327881551l/3227063.jpg
Germinal	https://images.gr-assets.com/books/1388208755l/28407.jpg
The Dispossessed	https://images.gr-assets.com/books/1353467455l/13651.jpg
Till We Have Faces	https://images.gr-assets.com/books/1381692105l/17343.jpg
The Throne of Fire	https://images.gr-assets.com/books/1366227973l/9067850.jpg
Momo	https://images.gr-assets.com/books/1420905611l/68811.jpg
The Song of Achilles	https://images.gr-assets.com/books/1331154660l/11250317.jpg
Animal Farm / 1984	https://images.gr-assets.com/books/1327959366l/5472.jpg
Switched	https://images.gr-assets.com/books/1288828865l/8564935.jpg
Hawaii	https://images.gr-assets.com/books/1415585664l/12658.jpg
Halo	https://images.gr-assets.com/books/1278885735l/7778981.jpg
Year of Wonders	https://images.gr-assets.com/books/1327936622l/4965.jpg
Hatchet	https://images.gr-assets.com/books/1385297074l/50.jpg
Pretty Little Liars	https://images.gr-assets.com/books/1377830522l/162085.jpg
The Choice	https://images.gr-assets.com/books/1385739133l/531350.jpg
